"Open","High","Low","Close","Volume","Date","Emiten"
605,605,376,460,96073700,"2019-11-08","WOWS"
462,462,430,444,38929100,"2019-11-11","WOWS"
444,446,432,440,13213000,"2019-11-12","WOWS"
440,452,434,446,13110800,"2019-11-13","WOWS"
448,448,436,436,4447100,"2019-11-14","WOWS"
440,440,424,434,6545400,"2019-11-15","WOWS"
434,438,420,420,2705600,"2019-11-18","WOWS"
418,428,400,420,5400400,"2019-11-19","WOWS"
420,420,402,416,2551300,"2019-11-20","WOWS"
416,416,400,414,2592800,"2019-11-21","WOWS"
414,414,312,312,10413500,"2019-11-22","WOWS"
310,362,310,336,38978100,"2019-11-25","WOWS"
338,338,252,252,27748700,"2019-11-26","WOWS"
252,258,189,189,24306300,"2019-11-27","WOWS"
187,248,140,179,99993900,"2019-11-28","WOWS"
179,204,132,139,53031900,"2019-11-29","WOWS"
139,139,139,139,0,"2019-12-02","WOWS"
160,187,150,187,45288600,"2019-12-03","WOWS"
202,252,202,252,91706000,"2019-12-04","WOWS"
266,286,226,234,66936200,"2019-12-05","WOWS"
234,260,234,260,31557300,"2019-12-06","WOWS"
262,268,246,252,11832200,"2019-12-09","WOWS"
250,254,238,246,7324200,"2019-12-10","WOWS"
246,250,240,240,6573800,"2019-12-11","WOWS"
240,244,214,236,12029100,"2019-12-12","WOWS"
236,238,230,230,9331900,"2019-12-13","WOWS"
230,234,212,212,14221500,"2019-12-16","WOWS"
212,228,210,212,15072200,"2019-12-17","WOWS"
212,214,195,214,14111400,"2019-12-18","WOWS"
204,260,204,240,31958800,"2019-12-19","WOWS"
242,260,220,228,13847300,"2019-12-20","WOWS"
230,238,220,226,6783900,"2019-12-23","WOWS"
226,232,204,216,9373000,"2019-12-26","WOWS"
218,222,210,216,6591000,"2019-12-27","WOWS"
218,252,216,250,27258900,"2019-12-30","WOWS"
250,256,230,230,10977200,"2020-01-02","WOWS"
230,234,220,220,5796300,"2020-01-03","WOWS"
220,224,208,224,2884600,"2020-01-06","WOWS"
214,224,210,214,10111800,"2020-01-07","WOWS"
214,220,210,210,9771500,"2020-01-08","WOWS"
200,224,200,216,10022000,"2020-01-09","WOWS"
218,220,202,212,10280400,"2020-01-10","WOWS"
212,212,200,206,11162600,"2020-01-13","WOWS"
206,206,197,200,13831600,"2020-01-14","WOWS"
200,206,194,202,2146900,"2020-01-15","WOWS"
199,202,190,194,4400600,"2020-01-16","WOWS"
194,199,193,194,5309200,"2020-01-17","WOWS"
195,198,180,180,5774400,"2020-01-20","WOWS"
181,190,158,165,11361100,"2020-01-21","WOWS"
165,173,161,161,7263500,"2020-01-22","WOWS"
167,167,159,161,822000,"2020-01-23","WOWS"
160,165,153,156,892600,"2020-01-24","WOWS"
156,156,125,139,18425700,"2020-01-27","WOWS"
140,179,137,141,25441200,"2020-01-28","WOWS"
141,143,134,135,4242300,"2020-01-29","WOWS"
130,141,130,135,3858100,"2020-01-30","WOWS"
125,138,125,126,1740900,"2020-01-31","WOWS"
126,129,115,116,2995100,"2020-02-03","WOWS"
118,125,116,116,2493900,"2020-02-04","WOWS"
106,119,106,112,2800500,"2020-02-05","WOWS"
104,114,100,107,3200100,"2020-02-06","WOWS"
103,107,100,104,4377100,"2020-02-07","WOWS"
96,127,96,103,32239500,"2020-02-10","WOWS"
107,139,107,139,156992500,"2020-02-11","WOWS"
144,148,111,117,48317800,"2020-02-12","WOWS"
118,128,111,112,25881500,"2020-02-13","WOWS"
110,115,99,100,11713200,"2020-02-14","WOWS"
103,113,100,108,17531300,"2020-02-17","WOWS"
110,115,98,102,31986900,"2020-02-18","WOWS"
95,107,95,103,28320700,"2020-02-19","WOWS"
93,108,93,104,6124900,"2020-02-20","WOWS"
104,110,101,104,8453700,"2020-02-21","WOWS"
104,120,100,104,32367500,"2020-02-24","WOWS"
104,111,100,102,10961700,"2020-02-25","WOWS"
102,111,100,107,18598100,"2020-02-26","WOWS"
108,113,96,100,17617600,"2020-02-27","WOWS"
97,106,94,101,8860000,"2020-02-28","WOWS"
101,105,95,99,7219100,"2020-03-02","WOWS"
100,100,93,93,3948600,"2020-03-03","WOWS"
95,96,91,93,3477800,"2020-03-04","WOWS"
83,95,83,95,3231900,"2020-03-05","WOWS"
95,99,93,94,7410300,"2020-03-06","WOWS"
94,94,82,84,3486200,"2020-03-09","WOWS"
76,88,76,86,2704200,"2020-03-10","WOWS"
87,93,78,84,8736600,"2020-03-11","WOWS"
90,93,76,76,10450500,"2020-03-12","WOWS"
71,71,71,71,898100,"2020-03-13","WOWS"
69,69,67,67,200100,"2020-03-16","WOWS"
63,63,63,63,34300,"2020-03-17","WOWS"
59,59,59,59,145100,"2020-03-18","WOWS"
55,55,55,55,55100,"2020-03-19","WOWS"
52,52,52,52,1766200,"2020-03-20","WOWS"
50,54,50,50,10700000,"2020-03-23","WOWS"
50,52,50,50,3269600,"2020-03-24","WOWS"
50,58,50,50,20072000,"2020-03-26","WOWS"
50,55,50,55,20051700,"2020-03-27","WOWS"
54,54,52,52,4744100,"2020-03-30","WOWS"
50,52,50,50,9206900,"2020-03-31","WOWS"
50,50,50,50,3124000,"2020-04-01","WOWS"
50,50,50,50,1845500,"2020-04-02","WOWS"
50,50,50,50,467300,"2020-04-03","WOWS"
50,51,50,51,4097000,"2020-04-06","WOWS"
51,52,50,50,10963500,"2020-04-07","WOWS"
50,50,50,50,4597700,"2020-04-08","WOWS"
50,50,50,50,2972500,"2020-04-09","WOWS"
50,50,50,50,275100,"2020-04-13","WOWS"
50,50,50,50,969200,"2020-04-14","WOWS"
50,50,50,50,34900,"2020-04-15","WOWS"
50,50,50,50,1699500,"2020-04-16","WOWS"
50,50,50,50,48500,"2020-04-17","WOWS"
50,50,50,50,93800,"2020-04-20","WOWS"
50,50,50,50,11000,"2020-04-21","WOWS"
50,50,50,50,425700,"2020-04-22","WOWS"
50,50,50,50,131500,"2020-04-23","WOWS"
50,50,50,50,18700,"2020-04-24","WOWS"
50,50,50,50,11200,"2020-04-27","WOWS"
50,50,50,50,1156100,"2020-04-28","WOWS"
50,50,50,50,6400,"2020-04-29","WOWS"
50,50,50,50,33600,"2020-04-30","WOWS"
50,50,50,50,8300,"2020-05-04","WOWS"
50,50,50,50,12200,"2020-05-05","WOWS"
50,50,50,50,1298700,"2020-05-06","WOWS"
50,50,50,50,82000,"2020-05-08","WOWS"
50,50,50,50,800,"2020-05-11","WOWS"
50,50,50,50,501500,"2020-05-12","WOWS"
50,50,50,50,197100,"2020-05-13","WOWS"
50,50,50,50,6000,"2020-05-14","WOWS"
50,50,50,50,704400,"2020-05-15","WOWS"
50,50,50,50,600,"2020-05-18","WOWS"
50,50,50,50,11500,"2020-05-19","WOWS"
50,50,50,50,644500,"2020-05-20","WOWS"
50,50,50,50,34000,"2020-05-26","WOWS"
50,50,50,50,401600,"2020-05-27","WOWS"
50,50,50,50,123900,"2020-05-28","WOWS"
50,50,50,50,41700,"2020-05-29","WOWS"
50,50,50,50,621400,"2020-06-02","WOWS"
50,50,50,50,123900,"2020-06-03","WOWS"
50,53,50,50,11335100,"2020-06-04","WOWS"
50,52,50,50,6164800,"2020-06-05","WOWS"
50,53,50,50,16488400,"2020-06-08","WOWS"
50,51,50,50,7884500,"2020-06-09","WOWS"
50,51,50,50,3314800,"2020-06-10","WOWS"
50,50,50,50,1410900,"2020-06-11","WOWS"
50,50,50,50,166300,"2020-06-12","WOWS"
50,50,50,50,15400,"2020-06-15","WOWS"
50,50,50,50,222500,"2020-06-16","WOWS"
50,51,50,50,5250000,"2020-06-17","WOWS"
50,51,50,50,1505400,"2020-06-18","WOWS"
50,50,50,50,19200,"2020-06-19","WOWS"
50,50,50,50,657900,"2020-06-22","WOWS"
50,50,50,50,1700,"2020-06-23","WOWS"
50,51,50,50,1617200,"2020-06-24","WOWS"
50,51,50,50,572700,"2020-06-25","WOWS"
50,50,50,50,96400,"2020-06-26","WOWS"
50,50,50,50,2900,"2020-06-29","WOWS"
50,51,50,50,3307500,"2020-06-30","WOWS"
50,50,50,50,416200,"2020-07-01","WOWS"
50,52,50,51,7902200,"2020-07-02","WOWS"
52,52,50,50,3414500,"2020-07-03","WOWS"
51,52,50,51,3780900,"2020-07-06","WOWS"
50,52,50,50,11472500,"2020-07-07","WOWS"
50,52,50,50,3744300,"2020-07-08","WOWS"
50,51,50,51,2302000,"2020-07-09","WOWS"
51,51,50,50,7959000,"2020-07-10","WOWS"
51,51,50,50,3033000,"2020-07-13","WOWS"
51,67,51,67,54815300,"2020-07-14","WOWS"
70,77,63,63,44146100,"2020-07-15","WOWS"
59,84,59,77,103099300,"2020-07-16","WOWS"
77,103,72,96,353833900,"2020-07-17","WOWS"
90,115,90,111,219643100,"2020-07-20","WOWS"
113,116,106,106,94374000,"2020-07-21","WOWS"
108,109,101,103,21523900,"2020-07-22","WOWS"
99,105,96,96,33427500,"2020-07-23","WOWS"
96,97,90,90,13338800,"2020-07-24","WOWS"
84,97,84,95,38655400,"2020-07-27","WOWS"
98,98,90,91,15835700,"2020-07-28","WOWS"
88,91,85,86,13026000,"2020-07-29","WOWS"
86,87,80,80,12239300,"2020-07-30","WOWS"
80,82,75,75,4473700,"2020-08-03","WOWS"
75,75,70,74,22125500,"2020-08-04","WOWS"
74,74,69,69,8454100,"2020-08-05","WOWS"
69,81,65,72,43937500,"2020-08-06","WOWS"
70,95,70,89,117796500,"2020-08-07","WOWS"
89,91,83,83,27057400,"2020-08-10","WOWS"
83,86,78,79,16412700,"2020-08-11","WOWS"
80,82,76,76,8035700,"2020-08-12","WOWS"
71,79,71,75,8553700,"2020-08-13","WOWS"
73,87,73,76,55017500,"2020-08-14","WOWS"
71,78,71,75,7864000,"2020-08-18","WOWS"
70,78,70,74,6992000,"2020-08-19","WOWS"
70,82,70,78,15969200,"2020-08-24","WOWS"
80,80,77,78,5568200,"2020-08-25","WOWS"
74,78,73,75,11342000,"2020-08-26","WOWS"
70,77,70,76,8144400,"2020-08-27","WOWS"
79,85,73,75,19932200,"2020-08-28","WOWS"
71,78,71,75,7823100,"2020-08-31","WOWS"
70,79,70,75,20616500,"2020-09-01","WOWS"
72,78,72,76,10910200,"2020-09-02","WOWS"
72,78,72,78,8079200,"2020-09-03","WOWS"
75,81,73,74,14340900,"2020-09-04","WOWS"
74,76,72,74,6430400,"2020-09-07","WOWS"
75,75,72,73,4937500,"2020-09-08","WOWS"
72,73,69,71,12231200,"2020-09-09","WOWS"
74,74,67,67,4047000,"2020-09-10","WOWS"
63,67,63,63,26809500,"2020-09-11","WOWS"
59,68,59,67,19277200,"2020-09-14","WOWS"
67,70,63,65,12809200,"2020-09-15","WOWS"
63,65,61,61,12097000,"2020-09-16","WOWS"
58,62,57,58,12807700,"2020-09-17","WOWS"
55,59,54,55,11924600,"2020-09-18","WOWS"
52,69,52,61,52624900,"2020-09-21","WOWS"
62,68,57,57,35598200,"2020-09-22","WOWS"
57,60,54,55,6095000,"2020-09-23","WOWS"
55,55,52,52,6213900,"2020-09-24","WOWS"
52,57,52,54,11073400,"2020-09-25","WOWS"
54,71,52,60,88935000,"2020-09-28","WOWS"
56,70,56,66,83224500,"2020-09-29","WOWS"
71,89,67,89,352122900,"2020-09-30","WOWS"
94,97,83,83,159242100,"2020-10-01","WOWS"
86,86,78,78,51937000,"2020-10-02","WOWS"
73,83,73,75,39818200,"2020-10-05","WOWS"
76,89,75,89,166476600,"2020-10-06","WOWS"
90,91,83,83,47142200,"2020-10-07","WOWS"
80,82,78,78,30847600,"2020-10-08","WOWS"
77,85,74,75,88261600,"2020-10-09","WOWS"
75,80,75,76,35479800,"2020-10-12","WOWS"
72,79,71,73,26972000,"2020-10-13","WOWS"
73,76,71,71,22168600,"2020-10-14","WOWS"
70,77,68,77,54163800,"2020-10-15","WOWS"
78,80,72,72,102556500,"2020-10-16","WOWS"
69,74,69,71,10201800,"2020-10-19","WOWS"
68,73,68,69,9792300,"2020-10-20","WOWS"
69,74,68,70,35646700,"2020-10-21","WOWS"
68,71,66,67,23778300,"2020-10-22","WOWS"
67,69,65,65,13784200,"2020-10-23","WOWS"
65,75,65,69,58881100,"2020-10-26","WOWS"
67,70,65,65,27041200,"2020-10-27","WOWS"
63,67,61,62,25407700,"2020-11-02","WOWS"
62,71,62,64,52960900,"2020-11-03","WOWS"
65,69,63,64,27786900,"2020-11-04","WOWS"
64,66,64,65,9303500,"2020-11-05","WOWS"
61,66,61,64,20984700,"2020-11-06","WOWS"
64,65,62,63,8072700,"2020-11-09","WOWS"
61,64,61,62,19825100,"2020-11-10","WOWS"
65,67,61,64,14570200,"2020-11-11","WOWS"
65,69,63,64,50436100,"2020-11-12","WOWS"
64,64,62,62,11794800,"2020-11-13","WOWS"
62,64,61,62,11937800,"2020-11-16","WOWS"
66,66,61,63,35097400,"2020-11-17","WOWS"
61,64,59,62,18848400,"2020-11-18","WOWS"
63,67,62,63,82225800,"2020-11-19","WOWS"
63,64,62,63,18535500,"2020-11-20","WOWS"
62,64,62,62,37412900,"2020-11-23","WOWS"
63,68,62,68,107678700,"2020-11-24","WOWS"
70,73,64,66,96799700,"2020-11-25","WOWS"
63,69,63,66,34989800,"2020-11-26","WOWS"
67,68,66,66,16862000,"2020-11-27","WOWS"
66,68,62,62,37663800,"2020-11-30","WOWS"
60,66,60,65,23656200,"2020-12-01","WOWS"
65,66,63,63,15430200,"2020-12-02","WOWS"
64,79,63,79,317020900,"2020-12-03","WOWS"
80,81,74,74,88111400,"2020-12-04","WOWS"
74,76,69,71,88945100,"2020-12-07","WOWS"
72,77,70,70,108135900,"2020-12-08","WOWS"
70,73,68,70,33148500,"2020-12-10","WOWS"
71,75,70,71,65381800,"2020-12-11","WOWS"
71,75,71,73,53671400,"2020-12-14","WOWS"
74,74,69,71,46583600,"2020-12-15","WOWS"
72,79,71,74,180140800,"2020-12-16","WOWS"
69,77,69,72,57486500,"2020-12-17","WOWS"
69,82,69,81,192717300,"2020-12-18","WOWS"
82,83,77,77,129486400,"2020-12-21","WOWS"
77,79,73,74,59937000,"2020-12-22","WOWS"
74,74,69,71,54826200,"2020-12-23","WOWS"
72,78,71,73,61518200,"2020-12-28","WOWS"
74,76,71,72,38808900,"2020-12-29","WOWS"
74,74,70,70,27036200,"2020-12-30","WOWS"
70,72,66,69,26104400,"2021-01-04","WOWS"
70,74,67,69,49207600,"2021-01-05","WOWS"
70,73,69,72,35362300,"2021-01-06","WOWS"
73,74,71,72,27133600,"2021-01-07","WOWS"
72,73,69,71,35980300,"2021-01-08","WOWS"
72,73,70,72,33669700,"2021-01-11","WOWS"
72,81,70,73,143201900,"2021-01-12","WOWS"
73,75,70,71,48240900,"2021-01-13","WOWS"
71,72,70,70,27126100,"2021-01-14","WOWS"
72,74,67,69,36254300,"2021-01-15","WOWS"
70,70,66,67,28036700,"2021-01-18","WOWS"
67,68,63,67,24490100,"2021-01-19","WOWS"
67,68,65,66,8590600,"2021-01-20","WOWS"
66,70,65,67,27340500,"2021-01-21","WOWS"
69,69,63,63,36410600,"2021-01-22","WOWS"
65,65,60,61,18471600,"2021-01-25","WOWS"
61,62,57,57,26989500,"2021-01-26","WOWS"
55,56,54,54,33099700,"2021-01-27","WOWS"
54,55,51,51,28909900,"2021-01-28","WOWS"
51,56,50,56,36958100,"2021-01-29","WOWS"
57,60,53,56,29652900,"2021-02-01","WOWS"
56,58,54,56,16112600,"2021-02-02","WOWS"
56,61,54,56,29493000,"2021-02-03","WOWS"
54,57,54,55,7767300,"2021-02-04","WOWS"
55,56,53,55,9482400,"2021-02-05","WOWS"
55,59,54,56,20554700,"2021-02-08","WOWS"
57,61,56,60,69632800,"2021-02-09","WOWS"
61,64,58,58,61071200,"2021-02-10","WOWS"
59,60,56,57,14051300,"2021-02-11","WOWS"
58,59,57,58,5718100,"2021-02-15","WOWS"
59,60,58,59,12111000,"2021-02-16","WOWS"
59,60,57,59,8198100,"2021-02-17","WOWS"
59,65,58,63,81252400,"2021-02-18","WOWS"
64,65,59,59,28039300,"2021-02-19","WOWS"
60,60,57,58,10429900,"2021-02-22","WOWS"
59,63,58,60,31001300,"2021-02-23","WOWS"
62,62,58,59,7159500,"2021-02-24","WOWS"
59,61,59,61,7516100,"2021-02-25","WOWS"
61,61,58,61,8072600,"2021-02-26","WOWS"
60,61,59,61,4812100,"2021-03-01","WOWS"
60,64,60,61,22303100,"2021-03-02","WOWS"
62,62,59,60,9981100,"2021-03-03","WOWS"
60,61,59,60,7445000,"2021-03-04","WOWS"
60,71,59,70,202382100,"2021-03-05","WOWS"
71,75,66,66,134902100,"2021-03-08","WOWS"
67,68,62,62,34902500,"2021-03-09","WOWS"
62,63,59,60,15682900,"2021-03-10","WOWS"
60,64,60,61,20856000,"2021-03-12","WOWS"
62,65,61,63,23024100,"2021-03-15","WOWS"
64,65,61,63,14863300,"2021-03-16","WOWS"
63,66,62,63,38540600,"2021-03-17","WOWS"
63,65,62,63,10643400,"2021-03-18","WOWS"
63,66,61,63,24681400,"2021-03-19","WOWS"
63,64,61,63,6647100,"2021-03-22","WOWS"
63,65,61,61,23352300,"2021-03-23","WOWS"
62,62,60,61,8407400,"2021-03-24","WOWS"
61,62,58,60,10978200,"2021-03-25","WOWS"
61,61,60,60,7954800,"2021-03-26","WOWS"
61,61,59,60,3680700,"2021-03-29","WOWS"
60,61,58,59,8167900,"2021-03-30","WOWS"
59,60,58,59,4068400,"2021-03-31","WOWS"
59,60,58,60,3027300,"2021-04-01","WOWS"
60,61,57,57,19240000,"2021-04-05","WOWS"
57,59,56,57,11749900,"2021-04-06","WOWS"
58,61,57,59,20197000,"2021-04-07","WOWS"
60,61,59,60,11904200,"2021-04-08","WOWS"
60,61,59,60,6419500,"2021-04-09","WOWS"
60,60,58,59,7096300,"2021-04-12","WOWS"
59,59,56,57,8443700,"2021-04-13","WOWS"
57,59,57,58,4515700,"2021-04-14","WOWS"
58,59,57,58,9670500,"2021-04-15","WOWS"
58,58,56,57,9316200,"2021-04-16","WOWS"
57,58,56,57,5083500,"2021-04-19","WOWS"
58,58,56,56,6003300,"2021-04-20","WOWS"
56,58,53,56,10082800,"2021-04-21","WOWS"
56,57,55,56,2750900,"2021-04-22","WOWS"
56,57,55,55,6177900,"2021-04-23","WOWS"
55,56,54,54,5216600,"2021-04-26","WOWS"
55,59,51,53,41968500,"2021-04-27","WOWS"
54,55,50,51,29870600,"2021-04-28","WOWS"
51,54,51,54,17027000,"2021-04-29","WOWS"
55,55,53,53,11155500,"2021-04-30","WOWS"
54,54,52,53,4780500,"2021-05-03","WOWS"
53,54,52,52,13087800,"2021-05-04","WOWS"
53,53,52,53,10139800,"2021-05-05","WOWS"
54,57,53,55,33228900,"2021-05-06","WOWS"
55,57,52,55,42787500,"2021-05-07","WOWS"
54,57,52,54,274668700,"2021-05-10","WOWS"
55,55,51,54,96043600,"2021-05-11","WOWS"
54,56,51,53,91863500,"2021-05-17","WOWS"
54,54,51,52,34360900,"2021-05-18","WOWS"
52,53,51,51,13944200,"2021-05-19","WOWS"
51,52,51,51,16466800,"2021-05-20","WOWS"
51,52,50,50,16496800,"2021-05-21","WOWS"
50,52,50,51,12901000,"2021-05-24","WOWS"
52,52,50,51,33311300,"2021-05-25","WOWS"
51,51,50,50,27855900,"2021-05-27","WOWS"
50,51,50,50,16042900,"2021-05-28","WOWS"
50,51,50,50,11240500,"2021-05-31","WOWS"
50,51,50,50,7178000,"2021-06-02","WOWS"
50,50,50,50,4148600,"2021-06-03","WOWS"
50,50,50,50,439700,"2021-06-04","WOWS"
50,50,50,50,1219600,"2021-06-07","WOWS"
50,50,50,50,1193600,"2021-06-08","WOWS"
50,50,50,50,573000,"2021-06-09","WOWS"
50,50,50,50,970000,"2021-06-10","WOWS"
50,50,50,50,429500,"2021-06-11","WOWS"
50,50,50,50,573200,"2021-06-14","WOWS"
50,50,50,50,531400,"2021-06-15","WOWS"
50,50,50,50,164600,"2021-06-16","WOWS"
50,50,50,50,381400,"2021-06-17","WOWS"
50,50,50,50,1670700,"2021-06-18","WOWS"
50,50,50,50,48200,"2021-06-21","WOWS"
50,50,50,50,1480600,"2021-06-22","WOWS"
50,50,50,50,1404500,"2021-06-23","WOWS"
50,50,50,50,773900,"2021-06-24","WOWS"
50,50,50,50,44200,"2021-06-25","WOWS"
50,50,50,50,33300,"2021-06-28","WOWS"
50,50,50,50,247500,"2021-06-29","WOWS"
50,50,50,50,478400,"2021-06-30","WOWS"
50,50,50,50,678700,"2021-07-01","WOWS"
50,50,50,50,245000,"2021-07-02","WOWS"
50,50,50,50,1078500,"2021-07-05","WOWS"
50,50,50,50,55500,"2021-07-06","WOWS"
50,50,50,50,941300,"2021-07-07","WOWS"
50,50,50,50,801600,"2021-07-08","WOWS"
50,50,50,50,135700,"2021-07-09","WOWS"
50,50,50,50,152700,"2021-07-12","WOWS"
50,50,50,50,16400,"2021-07-13","WOWS"
50,50,50,50,96900,"2021-07-14","WOWS"
50,50,50,50,343700,"2021-07-15","WOWS"
50,50,50,50,64200,"2021-07-16","WOWS"
50,50,50,50,33400,"2021-07-19","WOWS"
50,50,50,50,603400,"2021-07-21","WOWS"
50,50,50,50,95000,"2021-07-22","WOWS"
50,50,50,50,292600,"2021-07-23","WOWS"
50,50,50,50,1033200,"2021-07-26","WOWS"
50,50,50,50,118100,"2021-07-27","WOWS"
50,50,50,50,743700,"2021-07-28","WOWS"
50,50,50,50,1030400,"2021-07-29","WOWS"
50,50,50,50,108400,"2021-07-30","WOWS"
50,50,50,50,35000,"2021-08-02","WOWS"
50,50,50,50,7800,"2021-08-03","WOWS"
50,50,50,50,72000,"2021-08-04","WOWS"
50,50,50,50,127300,"2021-08-05","WOWS"
50,50,50,50,517700,"2021-08-06","WOWS"
50,50,50,50,1921700,"2021-08-09","WOWS"
50,50,50,50,3775100,"2021-08-10","WOWS"
50,50,50,50,768400,"2021-08-12","WOWS"
50,50,50,50,231700,"2021-08-13","WOWS"
50,50,50,50,765800,"2021-08-16","WOWS"
50,50,50,50,8983000,"2021-08-18","WOWS"
50,50,50,50,4503200,"2021-08-19","WOWS"
50,50,50,50,609800,"2021-08-20","WOWS"
50,50,50,50,1074300,"2021-08-23","WOWS"
50,50,50,50,134800,"2021-08-24","WOWS"
50,50,50,50,191300,"2021-08-25","WOWS"
50,50,50,50,225500,"2021-08-26","WOWS"
50,50,50,50,226000,"2021-08-27","WOWS"
50,50,50,50,0,"2021-08-30","WOWS"
50,50,50,50,0,"2021-08-31","WOWS"
50,50,50,50,0,"2021-09-01","WOWS"
50,50,50,50,0,"2021-09-02","WOWS"
50,50,50,50,0,"2021-09-03","WOWS"
50,50,50,50,0,"2021-09-06","WOWS"
50,50,50,50,0,"2021-09-07","WOWS"
50,50,50,50,2791900,"2021-09-08","WOWS"
50,50,50,50,447500,"2021-09-09","WOWS"
50,65,50,58,712759200,"2021-09-10","WOWS"
59,64,58,59,231689500,"2021-09-13","WOWS"
59,61,55,56,108438700,"2021-09-14","WOWS"
56,61,56,58,145480600,"2021-09-15","WOWS"
58,59,55,57,41465000,"2021-09-16","WOWS"
57,58,54,54,43980700,"2021-09-17","WOWS"
54,57,54,55,36501300,"2021-09-20","WOWS"
56,56,53,54,25327600,"2021-09-21","WOWS"
55,62,54,60,207679100,"2021-09-22","WOWS"
61,67,57,57,374809900,"2021-09-23","WOWS"
56,61,56,57,120960100,"2021-09-24","WOWS"
57,59,55,56,51908700,"2021-09-27","WOWS"
56,63,55,59,276026000,"2021-09-28","WOWS"
55,64,55,60,249348600,"2021-09-29","WOWS"
61,63,57,57,107004900,"2021-09-30","WOWS"
58,59,56,56,39341700,"2021-10-01","WOWS"
56,58,53,54,66036900,"2021-10-04","WOWS"
51,55,51,51,67605700,"2021-10-05","WOWS"
51,56,50,52,119550400,"2021-10-06","WOWS"
52,54,50,51,61225500,"2021-10-07","WOWS"
52,54,50,51,45978600,"2021-10-08","WOWS"
51,52,51,51,14654300,"2021-10-11","WOWS"
52,52,50,50,42414600,"2021-10-12","WOWS"
50,51,50,50,31587800,"2021-10-13","WOWS"
50,52,50,51,25758400,"2021-10-14","WOWS"
51,51,50,50,23508400,"2021-10-15","WOWS"
51,52,50,51,35514700,"2021-10-18","WOWS"
51,51,50,50,15760500,"2021-10-19","WOWS"
50,51,50,50,24922100,"2021-10-21","WOWS"
50,51,50,50,4973500,"2021-10-22","WOWS"
50,51,50,50,10387800,"2021-10-25","WOWS"
50,51,50,50,11554800,"2021-10-26","WOWS"
50,51,50,50,8291800,"2021-10-27","WOWS"
50,51,50,50,8996500,"2021-10-28","WOWS"
50,51,50,50,8134000,"2021-10-29","WOWS"
50,50,50,50,3177500,"2021-11-01","WOWS"
50,51,50,50,5123600,"2021-11-02","WOWS"
51,51,50,50,1867000,"2021-11-03","WOWS"
50,51,50,50,10864400,"2021-11-04","WOWS"
51,51,50,50,7796400,"2021-11-05","WOWS"
50,51,50,50,9410700,"2021-11-08","WOWS"
51,54,50,51,84722400,"2021-11-09","WOWS"
51,52,50,51,11876300,"2021-11-10","WOWS"
51,53,50,50,37765400,"2021-11-11","WOWS"
51,52,50,51,18361100,"2021-11-12","WOWS"
51,51,50,51,7867700,"2021-11-15","WOWS"
51,53,50,51,59214200,"2021-11-16","WOWS"
51,51,50,50,9578500,"2021-11-17","WOWS"
50,53,50,52,50446200,"2021-11-18","WOWS"
52,61,51,56,383173500,"2021-11-19","WOWS"
57,57,53,53,71854600,"2021-11-22","WOWS"
53,54,51,52,21655200,"2021-11-23","WOWS"
52,53,51,52,16682200,"2021-11-24","WOWS"
53,53,51,53,12285600,"2021-11-25","WOWS"
53,55,52,53,45436800,"2021-11-26","WOWS"
54,54,51,52,15530400,"2021-11-29","WOWS"
53,53,51,52,15290300,"2021-11-30","WOWS"
52,52,50,51,11435500,"2021-12-01","WOWS"
51,52,50,51,7308800,"2021-12-02","WOWS"
51,51,50,51,5970900,"2021-12-03","WOWS"
51,51,50,50,6759400,"2021-12-06","WOWS"
51,51,50,51,20586100,"2021-12-07","WOWS"
51,51,50,50,20609300,"2021-12-08","WOWS"
50,51,50,51,11787100,"2021-12-09","WOWS"
51,51,50,50,7395500,"2021-12-10","WOWS"
50,54,50,52,43139100,"2021-12-13","WOWS"
53,53,51,52,9064200,"2021-12-14","WOWS"
52,53,51,52,6892700,"2021-12-15","WOWS"
52,58,50,56,155476000,"2021-12-16","WOWS"
57,65,54,64,910627000,"2021-12-17","WOWS"
60,76,60,75,1020453600,"2021-12-20","WOWS"
80,80,70,70,379177400,"2021-12-21","WOWS"
66,66,66,66,15431500,"2021-12-22","WOWS"
62,67,62,63,555745900,"2021-12-23","WOWS"
63,68,61,65,207769900,"2021-12-24","WOWS"
64,68,61,62,213299000,"2021-12-27","WOWS"
63,67,62,65,228436400,"2021-12-28","WOWS"
64,65,61,62,77327900,"2021-12-29","WOWS"
62,69,58,60,540238000,"2021-12-30","WOWS"
57,63,56,58,182001400,"2022-01-03","WOWS"
58,60,56,57,113124600,"2022-01-04","WOWS"
57,58,54,54,112363200,"2022-01-05","WOWS"
54,56,52,53,120158200,"2022-01-06","WOWS"
53,55,51,51,67627100,"2022-01-07","WOWS"
51,53,51,52,24840600,"2022-01-10","WOWS"
52,56,51,52,115801800,"2022-01-11","WOWS"
53,53,51,51,23884500,"2022-01-12","WOWS"
51,54,51,52,43373300,"2022-01-13","WOWS"
52,53,51,51,29973500,"2022-01-14","WOWS"
51,53,51,52,37696400,"2022-01-17","WOWS"
53,54,51,51,43799300,"2022-01-18","WOWS"
51,52,51,51,11331900,"2022-01-19","WOWS"
52,52,51,52,11454100,"2022-01-20","WOWS"
52,61,51,57,675701400,"2022-01-21","WOWS"
57,62,55,55,177827900,"2022-01-24","WOWS"
55,58,52,53,134146200,"2022-01-25","WOWS"
53,53,51,52,49731300,"2022-01-26","WOWS"
52,53,51,52,22254400,"2022-01-27","WOWS"
51,52,51,52,37666800,"2022-01-28","WOWS"
52,54,51,51,80746500,"2022-01-31","WOWS"
51,52,51,51,25645700,"2022-02-02","WOWS"
51,52,51,51,36505300,"2022-02-03","WOWS"
52,53,50,50,58901100,"2022-02-04","WOWS"
51,52,51,51,17466300,"2022-02-07","WOWS"
52,52,50,51,20591300,"2022-02-08","WOWS"
51,52,51,52,7774300,"2022-02-09","WOWS"
52,52,51,51,12394600,"2022-02-10","WOWS"
51,51,50,51,141798400,"2022-02-11","WOWS"
51,51,50,50,25052600,"2022-02-14","WOWS"
50,51,50,50,15034000,"2022-02-15","WOWS"
50,51,50,50,10306000,"2022-02-16","WOWS"
50,51,50,50,12713000,"2022-02-17","WOWS"
50,51,50,51,18075600,"2022-02-18","WOWS"
51,51,50,50,9040300,"2022-02-21","WOWS"
50,50,50,50,1151100,"2022-02-22","WOWS"
50,50,50,50,494500,"2022-02-23","WOWS"
50,50,50,50,1151500,"2022-02-24","WOWS"
50,50,50,50,860400,"2022-02-25","WOWS"
50,50,50,50,298600,"2022-03-01","WOWS"
50,50,50,50,734700,"2022-03-02","WOWS"
50,50,50,50,960100,"2022-03-04","WOWS"
50,50,50,50,477400,"2022-03-07","WOWS"
50,50,50,50,4451200,"2022-03-08","WOWS"
50,50,50,50,611100,"2022-03-09","WOWS"
50,50,50,50,100800,"2022-03-10","WOWS"
50,50,50,50,729900,"2022-03-11","WOWS"
50,50,50,50,571400,"2022-03-14","WOWS"
50,50,50,50,934300,"2022-03-15","WOWS"
50,50,50,50,1646600,"2022-03-16","WOWS"
50,50,50,50,8200,"2022-03-17","WOWS"
50,50,50,50,152000,"2022-03-18","WOWS"
50,50,50,50,365300,"2022-03-21","WOWS"
50,50,50,50,339300,"2022-03-22","WOWS"
50,50,50,50,2432300,"2022-03-23","WOWS"
50,53,50,50,139511500,"2022-03-24","WOWS"
51,51,50,50,28632700,"2022-03-25","WOWS"
50,51,50,50,10518100,"2022-03-28","WOWS"
50,51,50,50,6483700,"2022-03-29","WOWS"
50,51,50,50,2469600,"2022-03-30","WOWS"
50,51,50,50,2410100,"2022-03-31","WOWS"
50,50,50,50,3612100,"2022-04-01","WOWS"
50,50,50,50,833900,"2022-04-04","WOWS"
50,52,50,51,76246400,"2022-04-05","WOWS"
51,61,50,58,277357400,"2022-04-06","WOWS"
68,68,56,65,439213600,"2022-04-07","WOWS"
66,69,61,61,155945600,"2022-04-08","WOWS"
59,60,57,57,98695500,"2022-04-11","WOWS"
57,65,54,54,331571900,"2022-04-12","WOWS"
53,55,52,53,80453500,"2022-04-13","WOWS"
53,59,53,54,125227900,"2022-04-14","WOWS"
54,56,54,54,31491800,"2022-04-18","WOWS"
55,55,53,53,27350300,"2022-04-19","WOWS"
53,54,52,52,21631200,"2022-04-20","WOWS"
53,54,52,53,13376600,"2022-04-21","WOWS"
53,54,52,53,11033800,"2022-04-22","WOWS"
52,53,51,52,16591700,"2022-04-25","WOWS"
52,54,52,52,11066400,"2022-04-26","WOWS"
52,53,51,52,13291500,"2022-04-27","WOWS"
52,53,52,52,8491700,"2022-04-28","WOWS"
52,54,52,53,9119800,"2022-05-09","WOWS"
52,53,52,52,5730500,"2022-05-10","WOWS"
52,53,51,52,8439500,"2022-05-11","WOWS"
52,52,51,51,9436900,"2022-05-12","WOWS"
51,52,51,52,5972400,"2022-05-13","WOWS"
52,52,51,51,7042300,"2022-05-17","WOWS"
52,52,51,51,4129900,"2022-05-18","WOWS"
51,52,51,52,2604600,"2022-05-19","WOWS"
52,53,51,52,6917400,"2022-05-20","WOWS"
52,53,51,52,4203700,"2022-05-23","WOWS"
52,56,51,52,39164600,"2022-05-24","WOWS"
52,54,51,53,9574600,"2022-05-25","WOWS"
53,63,52,59,188142900,"2022-05-27","WOWS"
61,66,55,55,263217100,"2022-05-30","WOWS"
55,57,52,52,80852600,"2022-05-31","WOWS"
52,52,50,50,156765400,"2022-06-02","WOWS"
51,51,50,50,41502000,"2022-06-03","WOWS"
50,51,50,50,25301100,"2022-06-06","WOWS"
50,50,50,50,2621000,"2022-06-07","WOWS"
50,50,50,50,688300,"2022-06-08","WOWS"
50,50,50,50,854000,"2022-06-09","WOWS"
50,50,50,50,1539700,"2022-06-10","WOWS"
50,50,50,50,1190100,"2022-06-13","WOWS"
50,50,50,50,5782000,"2022-06-14","WOWS"
50,50,50,50,124400,"2022-06-15","WOWS"
50,50,50,50,2270200,"2022-06-16","WOWS"
50,50,50,50,240100,"2022-06-17","WOWS"
50,50,50,50,1376400,"2022-06-20","WOWS"
50,50,50,50,740100,"2022-06-21","WOWS"
50,50,50,50,295000,"2022-06-22","WOWS"
50,50,50,50,336600,"2022-06-23","WOWS"
50,50,50,50,614500,"2022-06-24","WOWS"
50,50,50,50,33900,"2022-06-27","WOWS"
50,51,50,50,173404000,"2022-06-28","WOWS"
50,50,50,50,16247600,"2022-06-29","WOWS"
50,50,50,50,326700,"2022-06-30","WOWS"
50,50,50,50,297000,"2022-07-01","WOWS"
50,50,50,50,732100,"2022-07-04","WOWS"
50,50,50,50,1434200,"2022-07-05","WOWS"
50,50,50,50,39700,"2022-07-06","WOWS"
50,50,50,50,10500,"2022-07-07","WOWS"
50,50,50,50,173700,"2022-07-08","WOWS"
50,50,50,50,61700,"2022-07-11","WOWS"
50,50,50,50,518300,"2022-07-12","WOWS"
50,50,50,50,1201200,"2022-07-13","WOWS"
50,50,50,50,57400,"2022-07-14","WOWS"
50,50,50,50,79700,"2022-07-15","WOWS"
50,50,50,50,26800,"2022-07-18","WOWS"
50,50,50,50,27300,"2022-07-19","WOWS"
50,50,50,50,113700,"2022-07-20","WOWS"
50,50,50,50,103900,"2022-07-21","WOWS"
50,50,50,50,2000,"2022-07-22","WOWS"
50,50,50,50,164000,"2022-07-25","WOWS"
50,50,50,50,358000,"2022-07-26","WOWS"
50,50,50,50,1605100,"2022-07-27","WOWS"
50,50,50,50,68300,"2022-07-28","WOWS"
50,50,50,50,61600,"2022-07-29","WOWS"
50,50,50,50,0,"2022-08-01","WOWS"
50,50,50,50,0,"2022-08-02","WOWS"
50,50,50,50,0,"2022-08-03","WOWS"
50,50,50,50,0,"2022-08-04","WOWS"
50,50,50,50,0,"2022-08-05","WOWS"
50,50,50,50,0,"2022-08-08","WOWS"
50,50,50,50,0,"2022-08-09","WOWS"
50,50,50,50,0,"2022-08-10","WOWS"
50,50,50,50,0,"2022-08-11","WOWS"
50,50,50,50,0,"2022-08-12","WOWS"
50,50,50,50,0,"2022-08-15","WOWS"
50,50,50,50,0,"2022-08-16","WOWS"
50,50,50,50,0,"2022-08-18","WOWS"
50,50,50,50,0,"2022-08-19","WOWS"
50,50,50,50,0,"2022-08-22","WOWS"
50,50,50,50,0,"2022-08-23","WOWS"
50,50,50,50,0,"2022-08-24","WOWS"
50,50,50,50,0,"2022-08-25","WOWS"
50,50,50,50,0,"2022-08-26","WOWS"
50,50,50,50,0,"2022-08-29","WOWS"
50,50,50,50,0,"2022-08-30","WOWS"
50,50,50,50,0,"2022-08-31","WOWS"
50,50,50,50,0,"2022-09-01","WOWS"
50,50,50,50,0,"2022-09-02","WOWS"
50,50,50,50,0,"2022-09-05","WOWS"
50,50,50,50,0,"2022-09-06","WOWS"
50,50,50,50,0,"2022-09-07","WOWS"
50,50,50,50,0,"2022-09-08","WOWS"
50,50,50,50,0,"2022-09-09","WOWS"
50,50,50,50,0,"2022-09-12","WOWS"
50,50,50,50,0,"2022-09-13","WOWS"
50,50,50,50,0,"2022-09-14","WOWS"
50,50,50,50,0,"2022-09-15","WOWS"
50,50,50,50,0,"2022-09-16","WOWS"
50,50,50,50,0,"2022-09-19","WOWS"
50,50,50,50,0,"2022-09-20","WOWS"
50,50,50,50,0,"2022-09-21","WOWS"
50,50,50,50,0,"2022-09-22","WOWS"
50,50,50,50,0,"2022-09-23","WOWS"
50,50,50,50,0,"2022-09-26","WOWS"
50,50,50,50,0,"2022-09-27","WOWS"
50,50,50,50,0,"2022-09-28","WOWS"
50,50,50,50,0,"2022-09-29","WOWS"
50,50,50,50,0,"2022-09-30","WOWS"
50,50,50,50,0,"2022-10-03","WOWS"
50,50,50,50,0,"2022-10-04","WOWS"
50,50,50,50,0,"2022-10-05","WOWS"
50,50,50,50,0,"2022-10-06","WOWS"
50,50,50,50,0,"2022-10-07","WOWS"
50,50,50,50,0,"2022-10-10","WOWS"
50,50,50,50,0,"2022-10-11","WOWS"
50,50,50,50,0,"2022-10-12","WOWS"
50,50,50,50,0,"2022-10-13","WOWS"
50,50,50,50,0,"2022-10-14","WOWS"
50,50,50,50,0,"2022-10-17","WOWS"
50,50,50,50,0,"2022-10-18","WOWS"
50,50,50,50,0,"2022-10-19","WOWS"
50,50,50,50,0,"2022-10-20","WOWS"
50,50,50,50,0,"2022-10-21","WOWS"
50,50,50,50,0,"2022-10-24","WOWS"
50,50,50,50,0,"2022-10-25","WOWS"
50,50,50,50,0,"2022-10-26","WOWS"
50,50,50,50,0,"2022-10-27","WOWS"
50,50,50,50,0,"2022-10-28","WOWS"
50,51,50,50,27224600,"2022-10-31","WOWS"
50,51,50,50,18389600,"2022-11-01","WOWS"
50,50,50,50,1889700,"2022-11-02","WOWS"
50,50,50,50,1870500,"2022-11-03","WOWS"
50,50,50,50,2967000,"2022-11-04","WOWS"
50,50,50,50,77100,"2022-11-07","WOWS"
50,50,50,50,210500,"2022-11-08","WOWS"
50,50,50,50,355300,"2022-11-09","WOWS"
50,50,50,50,151000,"2022-11-10","WOWS"
50,50,50,50,38500,"2022-11-11","WOWS"
50,50,50,50,2038400,"2022-11-14","WOWS"
50,50,50,50,63400,"2022-11-15","WOWS"
50,50,50,50,38900,"2022-11-16","WOWS"
50,50,50,50,43100,"2022-11-17","WOWS"
50,50,50,50,43100,"2022-11-18","WOWS"
50,50,50,50,18700,"2022-11-21","WOWS"
50,50,50,50,2200,"2022-11-22","WOWS"
50,50,50,50,200100,"2022-11-23","WOWS"
50,50,50,50,200400,"2022-11-24","WOWS"
50,50,50,50,133900,"2022-11-25","WOWS"
50,50,50,50,180200,"2022-11-28","WOWS"
50,50,50,50,36600,"2022-11-29","WOWS"
50,50,50,50,2259700,"2022-11-30","WOWS"
50,50,50,50,3090500,"2022-12-01","WOWS"
50,50,50,50,114200,"2022-12-02","WOWS"
50,50,50,50,90100,"2022-12-05","WOWS"
50,50,50,50,175100,"2022-12-06","WOWS"
50,50,50,50,203700,"2022-12-07","WOWS"
50,50,50,50,6100,"2022-12-08","WOWS"
50,50,50,50,250100,"2022-12-09","WOWS"
50,50,50,50,206200,"2022-12-12","WOWS"
50,50,50,50,3900,"2022-12-13","WOWS"
50,50,50,50,300,"2022-12-14","WOWS"
50,50,50,50,2760900,"2022-12-15","WOWS"
50,50,50,50,3569100,"2022-12-16","WOWS"
50,50,50,50,116600,"2022-12-19","WOWS"
50,50,50,50,1300,"2022-12-20","WOWS"
50,50,50,50,2800,"2022-12-21","WOWS"
50,50,50,50,5400,"2022-12-22","WOWS"
50,50,50,50,6300,"2022-12-23","WOWS"
50,50,50,50,1000,"2022-12-26","WOWS"
50,50,50,50,5600,"2022-12-27","WOWS"
50,50,50,50,15200,"2022-12-28","WOWS"
50,50,50,50,1000,"2022-12-29","WOWS"
50,50,50,50,95200,"2022-12-30","WOWS"
50,50,50,50,22200,"2023-01-02","WOWS"
50,50,50,50,1600,"2023-01-03","WOWS"
50,50,50,50,4100,"2023-01-04","WOWS"
50,50,50,50,500,"2023-01-05","WOWS"
50,50,50,50,8800,"2023-01-06","WOWS"
50,50,50,50,5400,"2023-01-09","WOWS"
50,50,50,50,1435200,"2023-01-10","WOWS"
50,50,50,50,300,"2023-01-11","WOWS"
50,50,50,50,200,"2023-01-12","WOWS"
50,50,50,50,420100,"2023-01-13","WOWS"
50,50,50,50,5900,"2023-01-16","WOWS"
50,50,50,50,4200,"2023-01-17","WOWS"
50,50,50,50,100,"2023-01-18","WOWS"
50,50,50,50,73200,"2023-01-19","WOWS"
50,50,50,50,36400,"2023-01-20","WOWS"
50,50,50,50,2007700,"2023-01-24","WOWS"
50,50,50,50,10800,"2023-01-25","WOWS"
50,50,50,50,92400,"2023-01-26","WOWS"
50,50,50,50,6000,"2023-01-27","WOWS"
50,50,50,50,5400,"2023-01-30","WOWS"
50,50,50,50,1000,"2023-01-31","WOWS"
50,50,50,50,1500,"2023-02-01","WOWS"
50,50,50,50,100,"2023-02-02","WOWS"
50,50,50,50,600,"2023-02-03","WOWS"
50,50,50,50,1300,"2023-02-06","WOWS"
50,50,50,50,60100,"2023-02-07","WOWS"
50,50,50,50,51700,"2023-02-08","WOWS"
50,50,50,50,30100,"2023-02-09","WOWS"
50,50,50,50,30900,"2023-02-10","WOWS"
50,50,50,50,12200,"2023-02-13","WOWS"
50,50,50,50,1000,"2023-02-14","WOWS"
50,50,50,50,100,"2023-02-15","WOWS"
50,50,50,50,900,"2023-02-16","WOWS"
50,50,50,50,700,"2023-02-17","WOWS"
50,50,50,50,22100,"2023-02-20","WOWS"
50,50,50,50,20900,"2023-02-21","WOWS"
50,50,50,50,22200,"2023-02-22","WOWS"
50,50,50,50,12900,"2023-02-23","WOWS"
50,50,50,50,1500,"2023-02-24","WOWS"
50,50,50,50,1000,"2023-02-27","WOWS"
50,50,50,50,12800,"2023-02-28","WOWS"
50,50,50,50,500,"2023-03-01","WOWS"
50,50,50,50,100,"2023-03-02","WOWS"
50,50,50,50,14000,"2023-03-03","WOWS"
50,50,50,50,16200,"2023-03-06","WOWS"
50,50,50,50,12500,"2023-03-07","WOWS"
50,50,50,50,1400,"2023-03-08","WOWS"
50,50,50,50,200,"2023-03-09","WOWS"
50,50,50,50,1800,"2023-03-10","WOWS"
50,50,50,50,100,"2023-03-13","WOWS"
50,50,50,50,200,"2023-03-14","WOWS"
50,50,50,50,5500,"2023-03-15","WOWS"
50,50,50,50,800,"2023-03-16","WOWS"
50,50,50,50,200,"2023-03-17","WOWS"
50,50,50,50,91500,"2023-03-20","WOWS"
50,50,50,50,4500,"2023-03-21","WOWS"
50,50,50,50,400,"2023-03-24","WOWS"
50,50,50,50,100,"2023-03-27","WOWS"
50,50,50,50,900,"2023-03-28","WOWS"
50,50,50,50,12300,"2023-03-29","WOWS"
50,50,50,50,1000,"2023-03-30","WOWS"
50,50,50,50,2700,"2023-03-31","WOWS"
50,50,50,50,500,"2023-04-03","WOWS"
50,50,50,50,200,"2023-04-04","WOWS"
50,50,50,50,100,"2023-04-05","WOWS"
50,50,50,50,1000,"2023-04-06","WOWS"
50,50,50,50,100,"2023-04-10","WOWS"
50,50,50,50,8300,"2023-04-11","WOWS"
50,50,50,50,200,"2023-04-12","WOWS"
50,50,50,50,5400,"2023-04-13","WOWS"
50,50,50,50,1700,"2023-04-14","WOWS"
50,50,50,50,600,"2023-04-17","WOWS"
50,50,50,50,300,"2023-04-18","WOWS"
50,50,50,50,10900,"2023-04-26","WOWS"
50,50,50,50,1200,"2023-04-27","WOWS"
50,50,50,50,1300,"2023-04-28","WOWS"
50,50,50,50,300,"2023-05-02","WOWS"
50,50,50,50,700,"2023-05-03","WOWS"
50,50,50,50,12800,"2023-05-04","WOWS"
50,50,50,50,800,"2023-05-05","WOWS"
50,50,50,50,400,"2023-05-08","WOWS"
50,50,50,50,800,"2023-05-09","WOWS"
50,50,50,50,200,"2023-05-10","WOWS"
50,50,50,50,1400,"2023-05-11","WOWS"
50,50,50,50,1200,"2023-05-12","WOWS"
50,50,50,50,900,"2023-05-15","WOWS"
50,50,50,50,1000,"2023-05-16","WOWS"
50,50,50,50,1100,"2023-05-17","WOWS"
50,50,50,50,400,"2023-05-19","WOWS"
50,50,50,50,400,"2023-05-22","WOWS"
50,50,50,50,2200,"2023-05-23","WOWS"
50,50,50,50,35800,"2023-05-24","WOWS"
50,50,50,50,100,"2023-05-25","WOWS"
50,50,50,50,800,"2023-05-26","WOWS"
50,50,50,50,1100,"2023-05-29","WOWS"
50,50,50,50,2100,"2023-05-30","WOWS"
50,50,50,50,7800,"2023-05-31","WOWS"
50,50,50,50,100,"2023-06-05","WOWS"
50,50,50,50,16100,"2023-06-06","WOWS"
50,50,50,50,10100,"2023-06-07","WOWS"
50,50,50,50,300,"2023-06-08","WOWS"
50,50,50,50,0,"2023-06-09","WOWS"
50,50,50,50,20200,"2023-06-12","WOWS"
50,50,50,50,400,"2023-06-13","WOWS"
50,50,50,50,2000,"2023-06-14","WOWS"
50,50,50,50,1900,"2023-06-15","WOWS"
50,50,50,50,0,"2023-06-16","WOWS"
50,50,50,50,2500,"2023-06-19","WOWS"
50,50,50,50,2100,"2023-06-20","WOWS"
50,50,50,50,100,"2023-06-21","WOWS"
50,50,50,50,200,"2023-06-22","WOWS"
50,50,50,50,200,"2023-06-23","WOWS"
50,50,50,50,100,"2023-06-26","WOWS"
50,50,50,50,100400,"2023-06-27","WOWS"
50,50,50,50,5500,"2023-07-03","WOWS"
50,50,50,50,200,"2023-07-04","WOWS"
50,50,50,50,3100,"2023-07-05","WOWS"
50,50,50,50,22600,"2023-07-06","WOWS"
50,50,50,50,1400,"2023-07-07","WOWS"
50,50,50,50,0,"2023-07-10","WOWS"
50,50,50,50,2700,"2023-07-11","WOWS"
50,50,50,50,400,"2023-07-12","WOWS"
50,50,50,50,5700,"2023-07-13","WOWS"
50,50,50,50,1000,"2023-07-14","WOWS"
50,50,50,50,9100,"2023-07-17","WOWS"
50,50,50,50,200,"2023-07-18","WOWS"
50,50,50,50,3900,"2023-07-20","WOWS"
50,50,50,50,0,"2023-07-21","WOWS"
50,50,50,50,2200,"2023-07-24","WOWS"
50,50,50,50,200,"2023-07-25","WOWS"
50,50,50,50,2100,"2023-07-26","WOWS"
50,50,50,50,400,"2023-07-27","WOWS"
50,50,50,50,0,"2023-07-28","WOWS"
50,50,50,50,400,"2023-07-31","WOWS"
50,50,50,50,200,"2023-08-01","WOWS"
50,50,50,50,4300,"2023-08-02","WOWS"
50,50,50,50,5200,"2023-08-03","WOWS"
50,50,50,50,100100,"2023-08-04","WOWS"
50,50,50,50,0,"2023-08-07","WOWS"
50,50,50,50,5100,"2023-08-08","WOWS"
50,50,50,50,1300,"2023-08-09","WOWS"
50,50,50,50,0,"2023-08-10","WOWS"
50,50,50,50,0,"2023-08-11","WOWS"
50,50,50,50,1200,"2023-08-14","WOWS"
50,50,50,50,100,"2023-08-15","WOWS"
50,50,50,50,1100,"2023-08-16","WOWS"
50,50,50,50,0,"2023-08-18","WOWS"
50,50,50,50,1000,"2023-08-21","WOWS"
50,50,50,50,200,"2023-08-22","WOWS"
50,50,50,50,1000,"2023-08-23","WOWS"
50,50,50,50,3000,"2023-08-24","WOWS"
50,50,50,50,6300,"2023-08-25","WOWS"
50,50,50,50,3700,"2023-08-28","WOWS"
50,50,50,50,61000,"2023-08-29","WOWS"
50,50,50,50,3000,"2023-08-30","WOWS"
50,50,50,50,2400,"2023-08-31","WOWS"
50,50,50,50,1100,"2023-09-01","WOWS"
50,50,50,50,200,"2023-09-04","WOWS"
50,50,50,50,10700,"2023-09-05","WOWS"
50,50,50,50,1000,"2023-09-06","WOWS"
50,50,50,50,1000,"2023-09-07","WOWS"
50,50,50,50,1500,"2023-09-08","WOWS"
50,50,50,50,100,"2023-09-11","WOWS"
50,50,50,50,50000,"2023-09-12","WOWS"
50,50,50,50,300,"2023-09-13","WOWS"
50,50,50,50,6300,"2023-09-14","WOWS"
50,50,50,50,20100,"2023-09-15","WOWS"
50,50,50,50,704900,"2023-09-18","WOWS"
50,50,50,50,500600,"2023-09-19","WOWS"
50,50,50,50,100,"2023-09-20","WOWS"
50,50,50,50,700,"2023-09-21","WOWS"
50,50,50,50,900,"2023-09-22","WOWS"
50,50,50,50,0,"2023-09-25","WOWS"
50,50,50,50,0,"2023-09-26","WOWS"
50,50,50,50,2200,"2023-09-27","WOWS"
50,50,50,50,2100,"2023-09-29","WOWS"
50,50,50,50,5500,"2023-10-02","WOWS"
50,50,50,50,16000,"2023-10-03","WOWS"
50,50,50,50,100,"2023-10-04","WOWS"
50,50,50,50,6500,"2023-10-05","WOWS"
50,50,50,50,41700,"2023-10-06","WOWS"
50,50,50,50,1100,"2023-10-09","WOWS"
50,50,50,50,59700,"2023-10-10","WOWS"
50,50,50,50,1800,"2023-10-11","WOWS"
50,50,50,50,1000,"2023-10-12","WOWS"
50,50,50,50,100,"2023-10-13","WOWS"
50,50,50,50,131200,"2023-10-16","WOWS"
50,50,50,50,0,"2023-10-17","WOWS"
50,50,50,50,300,"2023-10-18","WOWS"
50,50,50,50,100,"2023-10-19","WOWS"
50,50,50,50,3900,"2023-10-20","WOWS"
50,50,50,50,0,"2023-10-23","WOWS"
50,50,50,50,200,"2023-10-24","WOWS"
50,50,50,50,100,"2023-10-25","WOWS"
50,50,50,50,100,"2023-10-26","WOWS"
50,50,50,50,100,"2023-10-27","WOWS"
50,50,50,50,1700,"2023-10-30","WOWS"
50,50,50,50,6300,"2023-10-31","WOWS"
50,50,50,50,0,"2023-11-01","WOWS"
50,50,50,50,2000,"2023-11-02","WOWS"
50,50,50,50,100,"2023-11-03","WOWS"
50,50,50,50,300,"2023-11-06","WOWS"
50,50,50,50,100,"2023-11-07","WOWS"
50,50,50,50,200,"2023-11-08","WOWS"
50,50,50,50,2600,"2023-11-09","WOWS"
50,50,50,50,500,"2023-11-10","WOWS"
50,50,50,50,100,"2023-11-13","WOWS"
50,50,50,50,8900,"2023-11-14","WOWS"
50,50,50,50,0,"2023-11-15","WOWS"
50,50,50,50,0,"2023-11-16","WOWS"
50,50,50,50,1000,"2023-11-17","WOWS"
50,50,50,50,900,"2023-11-20","WOWS"
50,50,50,50,3600,"2023-11-21","WOWS"
50,50,50,50,0,"2023-11-22","WOWS"
50,50,50,50,200,"2023-11-23","WOWS"
50,50,50,50,15700,"2023-11-24","WOWS"
50,50,50,50,39700,"2023-11-27","WOWS"
50,50,50,50,100,"2023-11-28","WOWS"
50,50,50,50,100,"2023-11-29","WOWS"
50,50,50,50,0,"2023-11-30","WOWS"
50,50,50,50,1500,"2023-12-01","WOWS"
50,50,50,50,200,"2023-12-04","WOWS"
50,50,50,50,2400,"2023-12-05","WOWS"
50,50,50,50,2100,"2023-12-06","WOWS"
50,50,50,50,0,"2023-12-07","WOWS"
50,50,50,50,7800,"2023-12-08","WOWS"
50,50,50,50,0,"2023-12-11","WOWS"
50,50,50,50,1900,"2023-12-12","WOWS"
50,50,50,50,0,"2023-12-13","WOWS"
50,50,50,50,0,"2023-12-14","WOWS"
50,50,50,50,0,"2023-12-15","WOWS"
50,50,50,50,1100,"2023-12-18","WOWS"
50,50,50,50,100400,"2023-12-19","WOWS"
50,50,50,50,0,"2023-12-20","WOWS"
50,50,50,50,2100,"2023-12-21","WOWS"
50,50,50,50,62300,"2023-12-22","WOWS"
50,50,50,50,1300,"2023-12-27","WOWS"
50,50,50,50,1000,"2023-12-28","WOWS"
50,50,50,50,100,"2023-12-29","WOWS"
50,50,50,50,50000,"2024-01-02","WOWS"
50,50,50,50,2200,"2024-01-03","WOWS"
50,50,50,50,6000,"2024-01-04","WOWS"
50,50,50,50,43700,"2024-01-05","WOWS"
50,50,50,50,29600,"2024-01-08","WOWS"
50,50,50,50,6000,"2024-01-09","WOWS"
50,50,50,50,8600,"2024-01-10","WOWS"
50,50,50,50,13200,"2024-01-11","WOWS"
50,50,50,50,3900,"2024-01-12","WOWS"
50,50,50,50,100,"2024-01-15","WOWS"
50,50,50,50,0,"2024-01-16","WOWS"
50,50,50,50,100,"2024-01-17","WOWS"
50,50,50,50,0,"2024-01-18","WOWS"
50,50,50,50,10600,"2024-01-19","WOWS"
50,50,50,50,11100,"2024-01-22","WOWS"
50,50,50,50,20000,"2024-01-23","WOWS"
50,50,50,50,20000,"2024-01-24","WOWS"
50,50,50,50,10100,"2024-01-25","WOWS"
50,50,50,50,42700,"2024-01-26","WOWS"
50,50,50,50,15200,"2024-01-29","WOWS"
50,50,50,50,110400,"2024-01-30","WOWS"
50,50,50,50,12200,"2024-01-31","WOWS"
50,50,50,50,16000,"2024-02-01","WOWS"
50,50,50,50,64400,"2024-02-02","WOWS"
50,50,50,50,6000,"2024-02-05","WOWS"
50,50,50,50,4600,"2024-02-06","WOWS"
50,50,50,50,800,"2024-02-07","WOWS"
50,50,50,50,10100,"2024-02-12","WOWS"
50,50,50,50,10000,"2024-02-13","WOWS"
50,50,50,50,8000,"2024-02-15","WOWS"
50,50,50,50,0,"2024-02-16","WOWS"
50,50,50,50,10600,"2024-02-19","WOWS"
50,50,50,50,5200,"2024-02-20","WOWS"
50,50,50,50,14100,"2024-02-21","WOWS"
50,50,50,50,100,"2024-02-22","WOWS"
50,50,50,50,145300,"2024-02-23","WOWS"
50,50,50,50,2100,"2024-02-26","WOWS"
50,50,50,50,12000,"2024-02-27","WOWS"
50,50,50,50,10200,"2024-02-28","WOWS"
50,50,50,50,10000,"2024-02-29","WOWS"
50,50,50,50,10000,"2024-03-01","WOWS"
50,50,50,50,10000,"2024-03-04","WOWS"
50,50,50,50,10000,"2024-03-05","WOWS"
50,50,50,50,10100,"2024-03-06","WOWS"
50,50,50,50,10200,"2024-03-07","WOWS"
50,50,50,50,10100,"2024-03-08","WOWS"
50,50,50,50,13600,"2024-03-13","WOWS"
50,50,50,50,10800,"2024-03-14","WOWS"
50,50,50,50,12100,"2024-03-15","WOWS"
50,50,50,50,20000,"2024-03-18","WOWS"
50,50,50,50,20200,"2024-03-19","WOWS"
50,50,50,50,30800,"2024-03-20","WOWS"
50,50,50,50,31400,"2024-03-21","WOWS"
50,50,50,50,20200,"2024-03-22","WOWS"
45,45,45,45,81800,"2024-03-25","WOWS"
41,41,41,41,62500,"2024-03-26","WOWS"
37,37,37,37,116900,"2024-03-27","WOWS"
34,34,34,34,185800,"2024-03-28","WOWS"
31,31,31,31,217300,"2024-04-01","WOWS"
28,28,28,28,138100,"2024-04-02","WOWS"
26,26,26,26,43000,"2024-04-03","WOWS"
24,24,24,24,131900,"2024-04-04","WOWS"
22,22,22,22,686000,"2024-04-05","WOWS"
20,20,20,20,1789200,"2024-04-16","WOWS"
18,18,18,18,206800,"2024-04-17","WOWS"
17,17,17,17,222400,"2024-04-18","WOWS"
16,16,16,16,73700,"2024-04-19","WOWS"
15,15,15,15,924800,"2024-04-22","WOWS"
14,14,14,14,649500,"2024-04-23","WOWS"
13,13,13,13,679200,"2024-04-24","WOWS"
12,12,12,12,1696900,"2024-04-25","WOWS"
11,11,11,11,7300400,"2024-04-26","WOWS"
10,12,10,12,20243300,"2024-04-29","WOWS"
11,11,11,11,3876300,"2024-04-30","WOWS"
10,10,10,10,10362300,"2024-05-02","WOWS"
9,9,9,9,1933800,"2024-05-03","WOWS"
9,9,8,8,15668300,"2024-05-06","WOWS"
8,8,8,8,5413300,"2024-05-07","WOWS"
8,9,8,9,5661800,"2024-05-08","WOWS"
9,9,9,9,2145000,"2024-05-13","WOWS"
9,9,9,9,2386800,"2024-05-14","WOWS"
10,10,10,10,1042500,"2024-05-15","WOWS"
11,11,11,11,5782000,"2024-05-16","WOWS"
11,12,11,12,2027800,"2024-05-17","WOWS"
12,13,12,13,1873100,"2024-05-20","WOWS"
13,13,13,13,1094100,"2024-05-21","WOWS"
13,14,13,14,8218300,"2024-05-22","WOWS"
14,15,14,15,2266700,"2024-05-27","WOWS"
16,16,16,16,1513000,"2024-05-28","WOWS"
17,17,17,17,1698900,"2024-05-29","WOWS"
18,18,18,18,1986200,"2024-05-30","WOWS"
19,19,19,19,1113000,"2024-05-31","WOWS"
20,20,20,20,8446800,"2024-06-03","WOWS"
20,21,20,21,9349900,"2024-06-04","WOWS"
21,21,20,20,3984300,"2024-06-05","WOWS"
19,19,18,18,875400,"2024-06-06","WOWS"
17,18,17,18,8776300,"2024-06-07","WOWS"
18,18,17,18,2885800,"2024-06-10","WOWS"
18,18,17,17,3827100,"2024-06-11","WOWS"
17,18,17,18,3671900,"2024-06-12","WOWS"
18,19,17,19,2535600,"2024-06-13","WOWS"
20,20,20,20,1635200,"2024-06-14","WOWS"
21,22,21,22,3683400,"2024-06-19","WOWS"
24,24,24,24,5539700,"2024-06-20","WOWS"
26,26,26,26,2669800,"2024-06-21","WOWS"
28,28,27,27,2718400,"2024-06-24","WOWS"
27,27,27,27,3102900,"2024-06-25","WOWS"
27,27,25,25,750800,"2024-06-26","WOWS"
23,27,23,27,1870800,"2024-06-27","WOWS"
27,27,27,27,2929000,"2024-06-28","WOWS"
27,28,27,28,1796000,"2024-07-01","WOWS"
28,28,27,28,1157000,"2024-07-02","WOWS"
28,28,27,27,285700,"2024-07-03","WOWS"
27,27,26,26,732000,"2024-07-04","WOWS"
26,26,25,26,200600,"2024-07-05","WOWS"
26,26,25,25,271200,"2024-07-08","WOWS"
25,25,23,23,602600,"2024-07-09","WOWS"
23,23,21,21,289900,"2024-07-10","WOWS"
21,21,20,20,495400,"2024-07-11","WOWS"
20,20,20,20,585300,"2024-07-12","WOWS"
20,20,20,20,167900,"2024-07-15","WOWS"
20,22,20,22,1966100,"2024-07-16","WOWS"
24,24,24,24,971300,"2024-07-17","WOWS"
24,24,24,24,351100,"2024-07-18","WOWS"
23,23,23,23,230900,"2024-07-19","WOWS"
23,23,22,22,541200,"2024-07-22","WOWS"
21,22,21,22,163600,"2024-07-23","WOWS"
22,24,22,23,2042900,"2024-07-24","WOWS"
24,24,23,23,216200,"2024-07-25","WOWS"
23,24,23,24,143500,"2024-07-26","WOWS"
24,24,22,22,379100,"2024-07-29","WOWS"
22,24,22,24,3111700,"2024-07-30","WOWS"
26,26,26,26,10390200,"2024-07-31","WOWS"
28,28,28,28,2055600,"2024-08-01","WOWS"
30,30,30,30,2636700,"2024-08-02","WOWS"
33,33,27,33,19429500,"2024-08-05","WOWS"
36,36,36,36,8990600,"2024-08-06","WOWS"
36,36,36,36,6979300,"2024-08-07","WOWS"
36,36,34,36,271600,"2024-08-08","WOWS"
35,35,34,34,1371600,"2024-08-09","WOWS"
35,36,35,36,1207300,"2024-08-12","WOWS"
36,36,36,36,5916600,"2024-08-13","WOWS"
37,39,37,39,3747900,"2024-08-14","WOWS"
40,40,40,40,3324600,"2024-08-15","WOWS"
42,44,42,44,4385600,"2024-08-16","WOWS"
45,45,44,45,3301500,"2024-08-19","WOWS"
45,45,42,42,3828700,"2024-08-20","WOWS"
41,41,38,38,2711000,"2024-08-21","WOWS"
36,36,35,35,3575700,"2024-08-22","WOWS"
35,36,34,36,1257500,"2024-08-23","WOWS"
36,36,34,34,470500,"2024-08-26","WOWS"
34,37,34,37,1043000,"2024-08-27","WOWS"
38,40,38,40,1988600,"2024-08-28","WOWS"
40,43,40,43,2164100,"2024-08-29","WOWS"
45,45,45,45,1648500,"2024-08-30","WOWS"
44,44,41,41,909200,"2024-09-02","WOWS"
45,45,45,45,6176300,"2024-09-03","WOWS"
46,46,43,43,590000,"2024-09-04","WOWS"
42,42,39,39,576900,"2024-09-05","WOWS"
39,42,39,42,469400,"2024-09-06","WOWS"
42,42,41,41,593800,"2024-09-09","WOWS"
41,41,41,41,536300,"2024-09-10","WOWS"
41,42,41,42,1074000,"2024-09-11","WOWS"
42,43,42,43,2668200,"2024-09-12","WOWS"
43,43,43,43,215000,"2024-09-13","WOWS"
43,43,41,41,2878400,"2024-09-17","WOWS"
41,44,41,43,249000,"2024-09-18","WOWS"
42,42,41,42,265500,"2024-09-19","WOWS"
42,42,40,40,404900,"2024-09-20","WOWS"
40,40,40,40,364800,"2024-09-23","WOWS"
40,40,40,40,412400,"2024-09-24","WOWS"
40,40,39,39,636200,"2024-09-25","WOWS"
39,39,39,39,464100,"2024-09-26","WOWS"
39,39,39,39,4171200,"2024-09-27","WOWS"
39,40,39,40,674300,"2024-09-30","WOWS"
40,40,39,40,822500,"2024-10-01","WOWS"
40,40,40,40,32700,"2024-10-02","WOWS"
40,40,39,40,1408600,"2024-10-03","WOWS"
40,40,39,39,80200,"2024-10-04","WOWS"
42,42,42,42,3435600,"2024-10-07","WOWS"
44,44,42,42,1768200,"2024-10-08","WOWS"
42,42,41,41,79800,"2024-10-09","WOWS"
40,41,40,41,739500,"2024-10-10","WOWS"
41,41,40,40,208500,"2024-10-11","WOWS"
40,40,39,39,685800,"2024-10-14","WOWS"
38,38,38,38,1084700,"2024-10-15","WOWS"
37,37,36,36,1089900,"2024-10-16","WOWS"
39,39,39,39,605300,"2024-10-17","WOWS"
39,39,37,39,291800,"2024-10-18","WOWS"
39,39,38,39,363600,"2024-10-21","WOWS"
38,39,38,39,418400,"2024-10-22","WOWS"
39,39,38,39,250800,"2024-10-23","WOWS"
39,39,39,39,139400,"2024-10-24","WOWS"
38,39,38,39,734700,"2024-10-25","WOWS"
39,39,39,39,9300,"2024-10-28","WOWS"
38,38,38,38,66300,"2024-10-29","WOWS"
37,37,37,37,690600,"2024-10-30","WOWS"
37,37,37,37,544100,"2024-10-31","WOWS"
37,37,36,37,2135300,"2024-11-01","WOWS"
37,37,37,37,254000,"2024-11-04","WOWS"
37,37,35,36,471000,"2024-11-05","WOWS"
36,36,36,36,212100,"2024-11-06","WOWS"
36,36,35,35,783100,"2024-11-07","WOWS"
35,36,35,36,1573600,"2024-11-08","WOWS"
39,39,39,39,1235100,"2024-11-11","WOWS"
42,42,42,42,7544600,"2024-11-12","WOWS"
42,42,42,42,1867700,"2024-11-13","WOWS"
42,44,42,44,1271800,"2024-11-14","WOWS"
44,44,44,44,55900,"2024-11-15","WOWS"
42,43,42,43,1516700,"2024-11-18","WOWS"
42,42,41,41,658900,"2024-11-19","WOWS"
41,42,41,42,640400,"2024-11-20","WOWS"
42,42,42,42,1604700,"2024-11-21","WOWS"
43,43,43,43,2267700,"2024-11-22","WOWS"
43,44,43,44,1862500,"2024-11-25","WOWS"
44,44,43,43,833100,"2024-11-26","WOWS"
43,43,43,43,658100,"2024-11-28","WOWS"
43,45,43,45,6737100,"2024-11-29","WOWS"
45,45,43,45,1179400,"2024-12-02","WOWS"
45,45,45,45,3261800,"2024-12-03","WOWS"
45,47,45,47,2215100,"2024-12-04","WOWS"
46,48,46,48,3249100,"2024-12-05","WOWS"
48,50,48,50,3729000,"2024-12-06","WOWS"
50,52,50,52,7233100,"2024-12-09","WOWS"
52,52,51,51,1503100,"2024-12-10","WOWS"
50,50,48,48,4148800,"2024-12-11","WOWS"
48,48,48,48,659500,"2024-12-12","WOWS"
47,47,45,46,1191000,"2024-12-13","WOWS"
46,46,44,44,262400,"2024-12-16","WOWS"
44,45,44,44,1095600,"2024-12-17","WOWS"
46,46,45,45,452200,"2024-12-18","WOWS"
45,45,44,44,1004200,"2024-12-19","WOWS"
44,48,44,48,1106800,"2024-12-20","WOWS"
48,48,47,47,268500,"2024-12-23","WOWS"
46,47,45,45,2321200,"2024-12-24","WOWS"
45,49,45,49,3986700,"2024-12-27","WOWS"
49,51,49,51,13932200,"2024-12-30","WOWS"
51,51,50,50,4662600,"2025-01-02","WOWS"
50,51,50,50,2088100,"2025-01-03","WOWS"
50,50,50,50,1599600,"2025-01-06","WOWS"
50,50,50,50,1223100,"2025-01-07","WOWS"
50,50,50,50,1749500,"2025-01-08","WOWS"
50,50,50,50,5660800,"2025-01-09","WOWS"
50,50,49,50,475100,"2025-01-10","WOWS"
50,50,50,50,400600,"2025-01-13","WOWS"
50,50,50,50,303900,"2025-01-14","WOWS"
49,50,48,50,3794800,"2025-01-15","WOWS"
50,51,50,51,1957500,"2025-01-16","WOWS"
51,51,51,51,1105900,"2025-01-17","WOWS"
51,51,50,50,9930600,"2025-01-20","WOWS"
50,50,49,49,875800,"2025-01-21","WOWS"
49,49,48,49,1020900,"2025-01-22","WOWS"
48,50,48,49,809300,"2025-01-23","WOWS"
49,50,49,50,501400,"2025-01-24","WOWS"
49,49,49,49,1308500,"2025-01-30","WOWS"
49,50,49,50,6629700,"2025-01-31","WOWS"
49,50,49,49,981600,"2025-02-03","WOWS"
49,49,49,49,246500,"2025-02-04","WOWS"
49,50,49,50,1653400,"2025-02-05","WOWS"
50,50,50,50,256200,"2025-02-06","WOWS"
50,50,50,50,407200,"2025-02-07","WOWS"
50,50,50,50,6098300,"2025-02-10","WOWS"
50,50,50,50,6900,"2025-02-11","WOWS"
50,50,49,49,92700,"2025-02-12","WOWS"
49,49,49,49,411200,"2025-02-13","WOWS"
49,49,49,49,2164900,"2025-02-14","WOWS"
49,49,48,49,660200,"2025-02-17","WOWS"
48,48,48,48,578200,"2025-02-18","WOWS"
48,48,48,48,1040300,"2025-02-19","WOWS"
50,50,50,50,4486200,"2025-02-20","WOWS"
50,50,49,49,2089400,"2025-02-21","WOWS"
51,51,51,51,9854900,"2025-02-24","WOWS"
51,51,51,51,5461200,"2025-02-25","WOWS"
50,51,50,51,1283500,"2025-02-26","WOWS"
48,48,48,48,7429500,"2025-02-27","WOWS"
47,48,47,48,908100,"2025-02-28","WOWS"
48,49,48,48,131300,"2025-03-03","WOWS"
48,48,46,46,302300,"2025-03-04","WOWS"
47,47,47,47,1203700,"2025-03-05","WOWS"
47,48,47,48,57500,"2025-03-06","WOWS"
48,48,47,47,107100,"2025-03-07","WOWS"
47,47,47,47,187700,"2025-03-10","WOWS"
48,48,48,48,627400,"2025-03-11","WOWS"
48,48,48,48,1403300,"2025-03-12","WOWS"
48,49,48,49,567300,"2025-03-13","WOWS"
48,48,47,48,649500,"2025-03-14","WOWS"
48,52,48,52,14127200,"2025-03-17","WOWS"
54,54,51,51,6077600,"2025-03-18","WOWS"
51,51,50,50,226600,"2025-03-19","WOWS"
49,49,48,49,111900,"2025-03-20","WOWS"
49,49,48,48,554600,"2025-03-21","WOWS"
48,48,48,48,860500,"2025-03-24","WOWS"
48,52,48,52,1985300,"2025-03-25","WOWS"
51,51,50,50,8237400,"2025-03-26","WOWS"
50,50,49,49,5546600,"2025-03-27","WOWS"
49,49,49,49,1200100,"2025-04-08","WOWS"
49,49,48,49,157000,"2025-04-09","WOWS"
49,49,49,49,830900,"2025-04-10","WOWS"
48,49,48,48,662200,"2025-04-11","WOWS"
48,48,48,48,95100,"2025-04-14","WOWS"
48,49,48,49,1232000,"2025-04-15","WOWS"
49,49,48,49,5731800,"2025-04-16","WOWS"
49,49,49,49,75300,"2025-04-17","WOWS"
48,49,48,48,106900,"2025-04-21","WOWS"
48,48,47,47,421300,"2025-04-22","WOWS"
47,47,47,47,135000,"2025-04-23","WOWS"
47,47,46,47,261000,"2025-04-24","WOWS"
47,47,47,47,457600,"2025-04-25","WOWS"
47,47,46,47,123000,"2025-04-28","WOWS"
48,48,47,47,304200,"2025-04-29","WOWS"
47,49,47,48,4341700,"2025-04-30","WOWS"
48,48,47,47,378400,"2025-05-02","WOWS"
47,47,47,47,51400,"2025-05-05","WOWS"
47,47,46,47,2994200,"2025-05-06","WOWS"
47,47,47,47,2267500,"2025-05-07","WOWS"
46,48,46,48,485200,"2025-05-08","WOWS"
48,49,47,49,628100,"2025-05-09","WOWS"
49,49,49,49,1519900,"2025-05-14","WOWS"
49,50,49,49,826200,"2025-05-15","WOWS"
49,50,49,50,388000,"2025-05-16","WOWS"
50,50,50,50,100600,"2025-05-19","WOWS"
50,50,48,48,471600,"2025-05-20","WOWS"
49,50,49,49,225800,"2025-05-21","WOWS"
49,49,49,49,305800,"2025-05-22","WOWS"
49,49,49,49,26300,"2025-05-23","WOWS"
49,49,48,48,445200,"2025-05-26","WOWS"
48,50,48,50,2864300,"2025-05-27","WOWS"
50,50,50,50,3071000,"2025-05-28","WOWS"
50,50,49,50,1956200,"2025-06-02","WOWS"
49,50,49,50,258000,"2025-06-03","WOWS"
50,52,50,52,1681300,"2025-06-04","WOWS"
52,53,52,53,3608600,"2025-06-05","WOWS"
53,53,53,53,2513700,"2025-06-10","WOWS"
53,53,52,53,2546200,"2025-06-11","WOWS"
53,55,53,55,4649100,"2025-06-12","WOWS"
55,58,55,58,10165800,"2025-06-13","WOWS"
61,62,61,62,19262700,"2025-06-16","WOWS"
59,63,56,63,6978700,"2025-06-17","WOWS"
61,61,58,58,4710500,"2025-06-18","WOWS"
56,58,56,58,1152200,"2025-06-19","WOWS"
58,58,58,58,401600,"2025-06-20","WOWS"
58,58,55,55,1402700,"2025-06-23","WOWS"
55,55,55,55,1257400,"2025-06-24","WOWS"
50,50,50,50,7810600,"2025-06-25","WOWS"
52,54,52,52,1810400,"2025-06-26","WOWS"
52,52,52,52,1175300,"2025-06-30","WOWS"
54,55,54,55,1746000,"2025-07-01","WOWS"
55,55,55,55,2926700,"2025-07-02","WOWS"
55,58,55,58,936900,"2025-07-03","WOWS"
58,58,57,57,584000,"2025-07-04","WOWS"
56,56,55,55,897600,"2025-07-07","WOWS"
56,56,54,55,1345000,"2025-07-08","WOWS"
55,58,55,58,4492900,"2025-07-09","WOWS"
56,57,56,56,1189000,"2025-07-10","WOWS"
56,58,56,58,1380600,"2025-07-11","WOWS"
58,58,58,58,522900,"2025-07-14","WOWS"
58,58,57,57,1158000,"2025-07-15","WOWS"
56,57,55,57,1788000,"2025-07-16","WOWS"
58,58,57,57,545500,"2025-07-17","WOWS"
57,57,56,56,982400,"2025-07-18","WOWS"
56,57,56,57,605600,"2025-07-21","WOWS"
57,57,56,56,1761300,"2025-07-22","WOWS"
56,56,56,56,467000,"2025-07-23","WOWS"
56,56,55,56,550900,"2025-07-24","WOWS"
56,56,55,55,2710600,"2025-07-25","WOWS"
57,57,56,57,989100,"2025-07-28","WOWS"
57,57,56,56,641600,"2025-07-29","WOWS"
56,56,55,56,770700,"2025-07-30","WOWS"
55,60,55,60,3786400,"2025-07-31","WOWS"
59,59,57,57,2649700,"2025-08-01","WOWS"
57,58,55,58,1308800,"2025-08-04","WOWS"
55,58,55,55,607100,"2025-08-05","WOWS"
57,57,56,56,808600,"2025-08-06","WOWS"
56,57,55,57,1482300,"2025-08-07","WOWS"
57,57,57,57,561500,"2025-08-08","WOWS"
59,59,59,59,3880400,"2025-08-11","WOWS"
60,60,57,57,8088900,"2025-08-12","WOWS"
60,60,59,59,3802200,"2025-08-13","WOWS"
59,62,59,62,9933500,"2025-08-14","WOWS"
62,67,62,67,17463700,"2025-08-15","WOWS"
73,73,73,73,22153400,"2025-08-19","WOWS"
80,80,80,80,25979100,"2025-08-20","WOWS"
88,88,88,88,14683900,"2025-08-21","WOWS"
96,96,96,96,15781300,"2025-08-22","WOWS"
105,105,105,105,17967800,"2025-08-25","WOWS"
104,104,95,95,49225800,"2025-08-26","WOWS"
103,104,103,104,32026300,"2025-08-27","WOWS"
114,114,104,104,29108700,"2025-08-28","WOWS"
105,121,89,91,89066000,"2025-08-29","WOWS"
90,122,78,122,432461200,"2025-09-01","WOWS"
122,163,116,144,791995500,"2025-09-02","WOWS"
144,144,144,144,0,"2025-09-03","WOWS"
145,146,123,123,258293100,"2025-09-04","WOWS"
112,120,105,105,138209700,"2025-09-08","WOWS"
90,90,90,90,62030600,"2025-09-09","WOWS"
77,116,77,102,1641600200,"2025-09-10","WOWS"
103,113,96,97,564842600,"2025-09-11","WOWS"
97,107,96,98,373438200,"2025-09-12","WOWS"
98,100,91,98,185023900,"2025-09-15","WOWS"
99,103,94,97,198006300,"2025-09-16","WOWS"
98,99,92,93,80157000,"2025-09-17","WOWS"
93,95,86,88,98959000,"2025-09-18","WOWS"
85,101,84,90,442719800,"2025-09-19","WOWS"
91,95,88,91,92982000,"2025-09-22","WOWS"
91,92,88,90,39995100,"2025-09-23","WOWS"
90,90,86,86,36110600,"2025-09-24","WOWS"
86,87,81,83,40240400,"2025-09-25","WOWS"
83,92,81,85,88785000,"2025-09-26","WOWS"
85,87,83,84,25363500,"2025-09-29","WOWS"
85,91,83,86,109239800,"2025-09-30","WOWS"
87,88,84,85,33363600,"2025-10-01","WOWS"
85,86,84,84,18940300,"2025-10-02","WOWS"
86,86,81,82,32478300,"2025-10-03","WOWS"
82,83,76,80,27082700,"2025-10-06","WOWS"
80,88,78,80,104762600,"2025-10-07","WOWS"
80,82,78,78,20297500,"2025-10-08","WOWS"
79,81,78,79,15581900,"2025-10-09","WOWS"
80,80,77,77,16985500,"2025-10-10","WOWS"
77,79,73,76,32013700,"2025-10-13","WOWS"
77,79,72,73,25943900,"2025-10-14","WOWS"
73,75,69,70,19211800,"2025-10-15","WOWS"
69,83,69,74,182088400,"2025-10-16","WOWS"
74,76,70,70,30270100,"2025-10-17","WOWS"
70,74,66,70,23677600,"2025-10-20","WOWS"
71,78,71,75,48436300,"2025-10-21","WOWS"
76,77,72,75,18706200,"2025-10-22","WOWS"
75,90,74,82,431475200,"2025-10-23","WOWS"
82,85,78,79,40313300,"2025-10-24","WOWS"
80,88,79,88,118502400,"2025-10-27","WOWS"
90,92,82,85,134305900,"2025-10-28","WOWS"
85,86,81,81,28405500,"2025-10-29","WOWS"
82,84,80,81,29022900,"2025-10-30","WOWS"
82,83,78,81,32406400,"2025-10-31","WOWS"
81,82,76,81,83525600,"2025-11-03","WOWS"
81,87,79,80,163194800,"2025-11-04","WOWS"
80,86,77,79,180864100,"2025-11-05","WOWS"
79,80,77,79,21858200,"2025-11-06","WOWS"
79,80,73,75,120117500,"2025-11-07","WOWS"
75,79,73,75,75468900,"2025-11-10","WOWS"
76,77,74,76,25254600,"2025-11-11","WOWS"
76,77,74,76,28775500,"2025-11-12","WOWS"
76,82,75,78,92406600,"2025-11-13","WOWS"
79,83,79,82,77850800,"2025-11-14","WOWS"
83,85,80,82,40511900,"2025-11-17","WOWS"
82,83,77,78,27708700,"2025-11-18","WOWS"
79,79,77,78,10529200,"2025-11-19","WOWS"
78,79,77,78,12431300,"2025-11-20","WOWS"
79,81,77,80,27253500,"2025-11-21","WOWS"
79,79,77,78,14306900,"2025-11-24","WOWS"
78,79,77,78,8798400,"2025-11-25","WOWS"
78,79,76,77,14094500,"2025-11-26","WOWS"
77,78,76,77,12491000,"2025-11-27","WOWS"
77,77,75,75,12559400,"2025-11-28","WOWS"
76,77,75,76,10466200,"2025-12-01","WOWS"
76,77,75,75,9102300,"2025-12-02","WOWS"
76,79,75,77,16885100,"2025-12-03","WOWS"
78,103,76,100,1324351200,"2025-12-04","WOWS"
99,105,90,92,637849500,"2025-12-05","WOWS"
96,107,92,100,532927800,"2025-12-08","WOWS"
102,102,94,95,89541600,"2025-12-09","WOWS"
95,101,92,94,146329100,"2025-12-10","WOWS"
94,97,85,90,81453900,"2025-12-11","WOWS"
92,93,86,86,42139600,"2025-12-12","WOWS"
86,90,84,85,35685600,"2025-12-15","WOWS"
85,92,83,89,49496200,"2025-12-16","WOWS"
89,89,85,86,30382400,"2025-12-17","WOWS"
86,100,85,94,368129900,"2025-12-18","WOWS"
95,96,89,92,69728100,"2025-12-19","WOWS"
93,94,88,88,36957700,"2025-12-22","WOWS"
89,95,87,88,53013600,"2025-12-23","WOWS"
88,91,87,87,27009300,"2025-12-24","WOWS"
88,89,82,86,41943600,"2025-12-29","WOWS"
87,94,85,88,86042300,"2025-12-30","WOWS"
89,94,88,93,81102900,"2026-01-02","WOWS"
98,108,96,100,388131200,"2026-01-05","WOWS"
101,101,93,97,82327800,"2026-01-06","WOWS"
97,98,91,92,58496100,"2026-01-07","WOWS"
92,96,91,91,59932700,"2026-01-08","WOWS"
92,97,91,92,85118200,"2026-01-09","WOWS"
94,102,88,100,214019800,"2026-01-12","WOWS"
102,111,94,94,417662000,"2026-01-13","WOWS"
96,98,94,96,52902900,"2026-01-14","WOWS"
96,96,92,94,36334700,"2026-01-15","WOWS"
94,96,90,92,58561300,"2026-01-19","WOWS"
93,103,92,99,248566200,"2026-01-20","WOWS"
98,99,95,97,49626800,"2026-01-21","WOWS"
98,101,95,96,52266400,"2026-01-22","WOWS"
96,98,93,93,33578000,"2026-01-23","WOWS"
95,97,93,95,27542400,"2026-01-26","WOWS"
97,102,94,102,177366500,"2026-01-27","WOWS"
97,112,87,87,354545800,"2026-01-28","WOWS"
87,89,74,81,92017100,"2026-01-29","WOWS"
81,92,81,86,58133900,"2026-01-30","WOWS"
89,90,74,75,46968100,"2026-02-02","WOWS"
76,84,75,83,26539800,"2026-02-03","WOWS"
85,91,82,83,47016700,"2026-02-04","WOWS"
84,87,83,84,13806900,"2026-02-05","WOWS"
84,84,80,82,14157300,"2026-02-06","WOWS"
83,84,79,82,9314000,"2026-02-09","WOWS"
82,87,81,83,15656000,"2026-02-10","WOWS"
83,87,83,85,25545600,"2026-02-11","WOWS"
85,86,79,82,58105900,"2026-02-12","WOWS"
82,82,80,82,19902400,"2026-02-13","WOWS"
82,83,80,82,32952400,"2026-02-18","WOWS"
83,86,81,83,80924100,"2026-02-19","WOWS"
83,84,80,80,38574800,"2026-02-20","WOWS"
81,85,79,80,162441800,"2026-02-23","WOWS"
80,81,76,76,71701500,"2026-02-24","WOWS"
77,80,73,76,116856200,"2026-02-25","WOWS"
76,77,70,72,48515200,"2026-02-26","WOWS"
73,74,69,72,77209700,"2026-02-27","WOWS"
72,84,71,82,500494500,"2026-03-02","WOWS"
84,86,76,78,180413200,"2026-03-03","WOWS"
79,82,69,70,156622400,"2026-03-04","WOWS"
71,73,69,70,71290900,"2026-03-05","WOWS"
71,75,69,70,70197300,"2026-03-06","WOWS"
